INSERT INTO Address(id,streetAddress,city,region,zip) VALUES (0,"2831 W Henrietta Rd","Rochester","NY",14623),(1,"2411 W Henrietta Rd","Rochester","NY",14623),(2,"687 Monroe Ave","Rochester","NY",14607),(3,"831 S Clinton Ave","Rochester","NY",14620),(4,"125 White Spruce Blvd","Rochester","NY",14623),(5,"1900 Clinton Ave S","Rochester","NY",14618),(6,"2185 Monroe Ave","Rochester","NY",14618),(7,"1038 S Clinton Ave","Rochester","NY",14620),(8,"912 Genesee St","Rochester","NY",14611),(9,"85 Commerce Dr","Rochester","NY",14623),(10,"510 Monroe Ave","Rochester","NY",14618),(11,"798 S Clinton Ave","Rochester","NY",14620),(12,"1132 Monroe Ave","Rochester","NY",14620),(13,"4141 W Henrietta Rd","Rochester","NY",14623),(14,"1679 Mount Hope Ave","Rochester","NY",14620),(15,"1750 Monroe Ave","Rochester","NY",14618),(16,"820 Eastview Mall","Victor","NY",14564),(17,"4139 W Henrietta Rd","Rochester","NY",14623),(18,"20 Exchange Blvd","Rochester","NY",14614),(19,"154 Genessee St","Rochester","NY",14611),(20,"5 Public Market","Rochester","NY",14609),(21,"274 Goodman St N","Rochester","NY",14607),(22,"190 Jay St","Rochester","NY",14608),(23,"30 Celebration Dr","Rochester","NY",14620),(24,"165 Monroe Ave","Rochester","NY",14607),(25,"2280 Lyell Ave","Rochester","NY",14606),(26,"683 Pittsford Victor Rd","Pittsford","NY",14534),(27,"1308 Buffalo Rd","Rochester","NY",14624),(28,"288 Exchange Blvd","Rochester","NY",14623),(29,"500 S Union St","Spencerport","NY",14559),(30,"573 S Clinton Ave","Rochester","NY",14620),(31,"1815 East Ave","Rochester","NY",14610),(32,"125 White Spruce Blvd","Rochester","NY",14623),(33,"266 Park Ave","Rochester","NY",14607),(34,"1160 Jay St","Rochester","NY",14611),(35,"1313 Ridge Rd E","Rochester","NY",14621),(36,"318 East Ave","Rochester","NY",14607),(37,"2133 East Henrietta Rd","Rochester","NY",14623),(38,"2995 Lakeville Rd,Route 15","Avon","NY",14414),(39,"3340 W Henrietta Rd","Henrietta","NY",14623),(40,"144 W Commercial St","East Rochester","NY",14445),(41,"4179 Buffalo Rd","North Chili","NY",14624),(42,"282 Alexander St","Rochester","NY",14607),(43,"489 South Ave","Rochester","NY",14620),(44,"93 Alexander St","Rochester","NY",14620),(45,"1859 Penfield Rd","Penfield","NY",14526),(46,"690 Park Ave","Rochester","NY",14610),(47,"521 Monroe Ave","Rochester","NY",14607),(48,"6720 Pittsford Palmyra Rd","Fairport","NY",14450),(49,"640 Jefferson Rd","Rochester","NY",14623),(50,"302 Goodman St N","Rochester","NY",14607),(51,"3174 W Henrietta Rd","Rochester","NY",14623),(52,"845 E Ridge Rd","Rochester","NY",14621),(53,"725 Pittsford Victor Rd","Pittsford","NY",14534),(54,"3246 Monroe Ave","Rochester","NY",14618),(55,"2164 Penfield Rd","Penfield","NY",14526),(56,"2245 Empire Blvd","Webster","NY",14580),(57,"1360 Mount Hope Ave","Rochester","NY",14620),(58,"2700 W Ridge Rd","Rochester","NY",14626),(59,"2932-3000 Nichols St","Spencerport","NY",14559),(60,"3939 E Henrietta Rd","Henrietta","NY",14467),(61,"3859 Buffalo Rd","Rochester","NY",14624),(62,"381 Gregory St","Rochester","NY",14620),(63,"8 W Main St","Honeoye Falls","NY",14472),(64,"9 South Ave","Webster","NY",14580),(65,"1696 Monroe Ave","Rochester","NY",14618),(66,"21 Richmond St","Rochester","NY",14607),(67,"739 S Clinton Ave","Rochester","NY",14620),(68,"4835 W Henrietta Rd","Henrietta","NY",14467),(69,"90 Henrietta St","Rochester","NY",14620),(70,"58 University Ave","Rochester","NY",14605),(71,"3208 Latta Rd","Rochester","NY",14612),(72,"25 Cataract St","Rochester","NY",14605),(73,"300 Village Square Blvd","Honeoye Falls","NY",14472),(74,"1356 Culver Rd","Rochester","NY",14609),(75,"1 Water St","Fairport","NY",14450),(76,"1175 Jefferson Rd.","Rochester","NY",14623),(77,"3259 Winton Rd S","Rochester","NY",14623),(78,"7422 Victor Pittsford Rd","Victor","NY",14564),(79,"938 Clinton Ave S","Rochester","NY",14620),(80,"900 Jefferson Rd","Rochester","NY",14623),(81,"277 Alexander St","Rochester","NY",14607),(82,"120 Mushroom Blvd","Rochester","NY",14623),(83,"2805 W Henrietta Rd","Rochester","NY",14623),(84,"Empire Blvd","Rochester","NY",14609);
INSERT INTO Location(id,latitude,longitude) VALUES (0,43.0951881408691,-77.6329574584961),(1,43.1038970947266,-77.6285018920898),(2,43.1440239,-77.5895996),(3,43.1414604,-77.5979309),(4,43.10508,-77.6177),(5,43.1206207275391,-77.5930099487305),(6,43.1219177246094,-77.5603332519531),(7,43.1381912,-77.5944901),(8,43.1319426745176,-77.6359411329031),(9,43.0807451506716,-77.6440421594561),(10,43.1450742174186,-77.5815770824129),(11,43.1421738,-77.5982895),(12,43.138702,-77.579437),(13,43.0697296,-77.6461349),(14,43.1174734979868,-77.6211004704237),(15,43.1294539,-77.567734),(16,43.027927,-77.4477891),(17,43.0695763,-77.6463928),(18,43.1552887,-77.6119919),(19,43.147216796875,-77.635627746582),(20,43.165899335092,-77.5896884206238),(21,43.1586838,-77.5851974),(22,43.160803,-77.6256),(23,43.1242299,-77.621374),(24,43.1723462,-77.5968171),(25,43.1650391,-77.6872406),(26,43.0609524560272,-77.4765935472237),(27,43.1501624445849,-77.6858818531036),(28,43.1496794521809,-77.6111890375614),(29,43.182155,-77.803581),(30,43.146057,-77.602297),(31,43.1453781,-77.5556412),(32,43.104912,-77.616951),(33,43.1503493338823,-77.5887657701969),(34,43.1594523,-77.6526017),(35,43.1979,-77.58226),(36,43.1554931402206,-77.5959500670433),(37,43.0756761324485,-77.6067952439189),(38,42.8562584,-77.714798),(39,43.0862734,-77.6361945),(40,43.1131706237793,-77.4869613647461),(41,43.12668,-77.7881079),(42,43.1532097,-77.5948868),(43,43.14627,-77.60574),(44,43.146396,-77.6031409),(45,43.1307687,-77.4731609),(46,43.1480675,-77.5771332),(47,43.14625,-77.59354),(48,43.0708863237133,-77.4413395075204),(49,43.087517577307,-77.625336251829),(50,43.1591101245289,-77.58467911936),(51,43.0885700136423,-77.6359820365906),(52,43.19634,-77.59565),(53,43.0599594,-77.4753113),(54,43.1051063537598,-77.5392608642578),(55,43.1311874389648,-77.4427337646484),(56,43.2035713,-77.4946594),(57,43.1234207,-77.6177597),(58,43.2105598,-77.7010193),(59,43.1815585522152,-77.8037982007405),(60,43.044232,-77.621184),(61,43.1362457275391,-77.7618103027344),(62,43.1426506,-77.6018829),(63,42.952631637454,-77.5912394374609),(64,43.211791,-77.430442),(65,43.1302147,-77.5685883),(66,43.1586215,-77.5979054),(67,43.1428185,-77.6000366),(68,43.056949,-77.654098),(69,43.1401482,-77.5931091),(70,43.161082,-77.601074),(71,43.2537918,-77.6999512),(72,43.1635665893555,-77.6149444580078),(73,42.951805,-77.603539),(74,43.170209,-77.560412),(75,43.101696,-77.4397202),(76,43.0865173339844,-77.6021118164062),(77,43.0884284973145,-77.5829772949219),(78,43.002441,-77.438622),(79,43.1400033860227,-77.5960563495755),(80,43.0887138274831,-77.6157670056844),(81,43.1533488350546,-77.5953720510006),(82,43.0913696,-77.6190414),(83,43.09569,-77.6327),(84,43.176997,-77.538772);
INSERT INTO Restaurant(id,[name],avgRating,website,address,location) VALUES (0,"Tsingtao House",4.5,"http://www.yelp.com/biz/tsingtao-house-rochester",0,0),(1,"Yummy Garden Hot Pot",4,"http://www.yelp.com/biz/yummy-garden-hot-pot-rochester-2",1,1),(2,"Han Noodle Bar",4,"http://www.yelp.com/biz/han-noodle-bar-rochester",2,2),(3,"Flavors of Asia",4,"http://www.yelp.com/biz/flavors-of-asia-rochester",3,3),(4,"Chopsticks Chinese Restaurant",4,"http://www.yelp.com/biz/chopsticks-chinese-restaurant-rochester",4,4),(5,"Golden Dynasty Restaurant",4,"http://www.yelp.com/biz/golden-dynasty-restaurant-rochester",5,5),(6,"Bamboo House",3.5,"http://www.yelp.com/biz/bamboo-house-rochester",6,6),(7,"Ming's",3.5,"http://www.yelp.com/biz/mings-rochester",7,7),(8,"The Wok",4,"http://www.yelp.com/biz/the-wok-rochester",8,8),(9,"Canton House",3.5,"http://www.yelp.com/biz/canton-house-rochester",9,9),(10,"Pho Viet",3.5,"http://www.yelp.com/biz/pho-viet-rochester",10,10),(11,"White Swans Asia Caffe",4,"http://www.yelp.com/biz/white-swans-asia-caffe-rochester",11,11),(12,"New Ming",4,"http://www.yelp.com/biz/new-ming-rochester",12,12),(13,"Mandarin Sushi & Grill",4,"http://www.yelp.com/biz/mandarin-sushi-and-grill-rochester-2",13,13),(14,"Jing Li Chinese Food",3.5,"http://www.yelp.com/biz/jing-li-chinese-food-rochester",14,14),(15,"Chen Garden Restaurant",4,"http://www.yelp.com/biz/chen-garden-restaurant-rochester",15,15),(16,"P.F. Chang's",3,"http://www.yelp.com/biz/p-f-changs-victor",16,16),(17,"Mandarin Court",3.5,"http://www.yelp.com/biz/mandarin-court-rochester",17,17),(18,"He's Chinese and Japanese Restaurant",3,"http://www.yelp.com/biz/hes-chinese-and-japanese-restaurant-rochester",18,18),(19,"I Don't Know",5,"http://www.yelp.com/biz/i-dont-know-rochester",19,19),(20,"Fiorella",4,"http://www.yelp.com/biz/fiorella-rochester",20,20),(21,"The Gate House",4,"http://www.yelp.com/biz/the-gate-house-rochester",21,21),(22,"Rocky's",4.5,"http://www.yelp.com/biz/rockys-rochester",22,22),(23,"Grappa",3.5,"http://www.yelp.com/biz/grappa-rochester",23,23),(24,"Rocco",4,"http://www.yelp.com/biz/rocco-rochester-2",24,24),(25,"Martusciello's Bakery",4.5,"http://www.yelp.com/biz/martusciellos-bakery-rochester",25,25),(26,"Branca",3.5,"http://www.yelp.com/biz/branca-pittsford-8",26,26),(27,"Fiamma",3.5,"http://www.yelp.com/biz/fiamma-rochester",27,27),(28,"Tony D's Coal Fired Pizza",4,"http://www.yelp.com/biz/tony-ds-coal-fired-pizza-rochester",28,28),(29,"Mangia Mangia",4.5,"http://www.yelp.com/biz/mangia-mangia-spencerport",29,29),(30,"Napa Wood Fired Pizzeria",4,"http://www.yelp.com/biz/napa-wood-fired-pizzeria-rochester",30,30),(31,"Ristorante Lucano",4,"http://www.yelp.com/biz/ristorante-lucano-rochester",31,31),(32,"Delmonico's Italian Steak House",4,"http://www.yelp.com/biz/delmonicos-italian-steak-house-rochester",32,32),(33,"Park Ave Paninoteca",4,"http://www.yelp.com/biz/park-ave-paninoteca-rochester",33,33),(34,"Antonetta's Restaurant",4,"http://www.yelp.com/biz/antonettas-restaurant-rochester",34,34),(35,"Guido's Pasta Villa",4,"http://www.yelp.com/biz/guidos-pasta-villa-rochester",35,35),(36,"Veneto Wood Fired Pizza & Pasta",3.5,"http://www.yelp.com/biz/veneto-wood-fired-pizza-and-pasta-rochester",36,36),(37,"Mamma G's",4,"http://www.yelp.com/biz/mamma-gs-rochester",37,37),(38,"Fratelli's Restaurant",4,"http://www.yelp.com/biz/fratellis-restaurant-avon",38,38),(39,"Carrabba's",3.5,"http://www.yelp.com/biz/carrabbas-henrietta-3",39,39),(40,"Guacamole Authentic Mexican Taqueria",4.5,"http://www.yelp.com/biz/guacamole-authentic-mexican-taqueria-east-rochester-2",40,40),(41,"Itacate - Chili",4.5,"http://www.yelp.com/biz/itacate-chili-north-chili",41,41),(42,"Ox and Stone",4,"http://www.yelp.com/biz/ox-and-stone-rochester-3",42,42),(43,"John's Tex-Mex",4,"http://www.yelp.com/biz/johns-tex-mex-rochester",43,43),(44,"La Casa Restaurant",3.5,"http://www.yelp.com/biz/la-casa-restaurant-rochester",44,44),(45,"Itacate",4,"http://www.yelp.com/biz/itacate-penfield",45,45),(46,"Dorado",3.5,"http://www.yelp.com/biz/dorado-rochester",46,46),(47,"Sol Burrito",3.5,"http://www.yelp.com/biz/sol-burrito-rochester",47,47),(48,"Mesa Grande Taqueria",4,"http://www.yelp.com/biz/mesa-grande-taqueria-fairport",48,48),(49,"Chipotle Mexican Grill",4,"http://www.yelp.com/biz/chipotle-mexican-grill-rochester-3",49,49),(50,"Salena's Mexican Restaurant",3,"http://www.yelp.com/biz/salenas-mexican-restaurant-rochester",50,50),(51,"Don Patron",3.5,"http://www.yelp.com/biz/don-patron-rochester",51,51),(52,"Monte Alban Mexican Grill",3.5,"http://www.yelp.com/biz/monte-alban-mexican-grill-rochester-3",52,52),(53,"Agave Express Mexican Bar & Grill",3.5,"http://www.yelp.com/biz/agave-express-mexican-bar-and-grill-pittsford",53,53),(54,"Moe's Southwest Grill",4,"http://www.yelp.com/biz/moes-southwest-grill-rochester-5",54,54),(55,"Monte Alban Mexican Grill",3.5,"http://www.yelp.com/biz/monte-alban-mexican-grill-penfield",55,55),(56,"Monte Alban Mexican Grill",3.5,"http://www.yelp.com/biz/monte-alban-mexican-grill-webster",56,56),(57,"Chipotle Mexican Grill",3.5,"http://www.yelp.com/biz/chipotle-mexican-grill-rochester-6",57,57),(58,"Los Gallos Mexican Grill",3,"http://www.yelp.com/biz/los-gallos-mexican-grill-rochester",58,58),(59,"Rancho Viejo",3,"http://www.yelp.com/biz/rancho-viejo-spencerport",59,59),(60,"Fireside Grill & Sports Bar",4,"http://www.yelp.com/biz/fireside-grill-and-sports-bar-henrietta",60,60),(61,"Rohrbach Brewing Company",4,"http://www.yelp.com/biz/rohrbach-brewing-company-rochester",61,61),(62,"Tap and Mallet",4,"http://www.yelp.com/biz/tap-and-mallet-rochester",62,62),(63,"The Brewery Pub & Grill",4,"http://www.yelp.com/biz/the-brewery-pub-and-grill-honeoye-falls",63,63),(64,"BC's Chicken Coop",4.5,"http://www.yelp.com/biz/bcs-chicken-coop-webster-2",64,64),(65,"Grinnell's Restaurant",4,"http://www.yelp.com/biz/grinnells-restaurant-rochester-2",65,65),(66,"Richmond's",4,"http://www.yelp.com/biz/richmonds-rochester",66,66),(67,"The Cub Room",4,"http://www.yelp.com/biz/the-cub-room-rochester",67,67),(68,"Lehigh Restaurant",3.5,"http://www.yelp.com/biz/lehigh-restaurant-henrietta-2",68,68),(69,"Rooney's",4,"http://www.yelp.com/biz/rooneys-rochester",69,69),(70,"Tavern58 At Gibbs",4,"http://www.yelp.com/biz/tavern58-at-gibbs-rochester",70,70),(71,"American Burger Bar And Beer Boutique",4,"http://www.yelp.com/biz/american-burger-bar-and-beer-boutique-rochester",71,71),(72,"Genesee Brewhouse",3.5,"http://www.yelp.com/biz/genesee-brewhouse-rochester",72,72),(73,"CB Craft Brewers",4,"http://www.yelp.com/biz/cb-craft-brewers-honeoye-falls",73,73),(74,"James Browns Place",4,"http://www.yelp.com/biz/james-browns-place-rochester",74,74),(75,"Donnelly's Public House",4,"http://www.yelp.com/biz/donnellys-public-house-fairport",75,75),(76,"Tilted Kilt Pub & Eatery",3.5,"http://www.yelp.com/biz/tilted-kilt-pub-and-eatery-rochester",76,76),(77,"JB QUIMBY's Public House",3.5,"http://www.yelp.com/biz/jb-quimbys-public-house-rochester",77,77),(78,"Thirsty Turtle Sports Bar II",4,"http://www.yelp.com/biz/thirsty-turtle-sports-bar-ii-victor-3",78,78),(79,"The Angry Goat Pub",4,"http://www.yelp.com/biz/the-angry-goat-pub-rochester",79,79),(80,"Sodam Korean Restaurant",4,"http://www.yelp.com/biz/sodam-korean-restaurant-rochester",80,80),(81,"Shema Sushi",4,"http://www.yelp.com/biz/shema-sushi-rochester",81,81),(82,"Young's Korean Restaurant",3.5,"http://www.yelp.com/biz/youngs-korean-restaurant-rochester",82,82),(83,"Seoul House Korean Restaurant",3.5,"http://www.yelp.com/biz/seoul-house-korean-restaurant-rochester",83,83),(84,"Seoul Food BBQ Truck",3,"http://www.yelp.com/biz/seoul-food-bbq-truck-rochester-2",84,84);
INSERT INTO Category(id,[name]) VALUES (0,"chinese"),(1,"italian"),(2,"mexican"),(3,"korean"),(4,"tradamerican");
INSERT INTO Specializes(restaurant,category) VALUES (0,0),(1,0),(2,0),(3,0),(4,0),(5,0),(6,0),(7,0),(8,0),(9,-1),(10,0),(11,0),(12,0),(13,0),(14,0),(15,0),(16,0),(17,0),(18,0),(19,0),(20,1),(21,1),(22,1),(23,1),(24,1),(25,1),(26,1),(27,1),(28,1),(29,1),(30,1),(31,1),(32,1),(33,1),(34,1),(35,1),(36,1),(37,1),(38,1),(39,1),(40,2),(41,2),(42,2),(43,2),(44,2),(45,2),(46,2),(47,2),(48,2),(49,2),(50,2),(51,2),(52,2),(53,2),(54,2),(55,2),(56,2),(57,2),(58,2),(59,2),(60,4),(61,4),(62,4),(63,4),(64,4),(65,4),(66,4),(67,4),(68,4),(69,4),(70,4),(71,4),(72,4),(73,4),(74,4),(75,4),(76,4),(77,4),(78,4),(79,4),(80,3),(81,3),(82,3),(83,3),(84,3);
INSERT INTO Feature(id,[name]) VALUES (0,"bar"),(1,"outdoor seating"),(2,"open late"),(3,"delivery");
INSERT INTO Offers(restaurant,feature) VALUES (0,0),(1,1),(2,1),(3,1),(4,1),(5,2),(6,2),(7,0),(8,2),(9,3),(10,2),(11,3),(12,3),(13,3),(14,3),(15,0),(16,3),(17,3),(18,3),(19,1),(20,3),(21,2),(22,2),(23,1),(24,2),(25,0),(26,3),(27,2),(28,3),(29,0),(30,0),(31,2),(32,2),(33,1),(34,3),(35,1),(36,2),(37,3),(38,1),(39,2),(40,3),(41,0),(42,1),(43,1),(44,0),(45,0),(46,0),(47,0),(48,3),(49,0),(50,3),(51,2),(52,2),(53,1),(54,0),(55,0),(56,0),(57,0),(58,1),(59,2),(60,2),(61,2),(62,2),(63,1),(64,3),(65,2),(66,1),(67,3),(68,0),(69,0),(70,3),(71,0),(72,0),(73,1),(74,2),(75,2),(76,0),(77,3),(78,2),(79,0),(80,3),(81,3),(82,2),(83,3),(84,2);
INSERT INTO MenuItem(id,[name],restaurant,description,price) VALUES (0,"hamburger",68,"yum",$76.47),(1,"pizza",36,"yum",$35.06),(2,"pizza",12,"yum",$20.39),(3,"egg roll",84,"yum",$85.42),(4,"pizza",67,"yum",$17.40),(5,"hamburger",22,"yum",$60.66),(6,"milkshake",42,"yum",$67.68),(7,"egg roll",36,"yum",$5.67),(8,"hamburger",69,"yum",$22.72),(9,"noodles",42,"yum",$17.11),(10,"egg roll",50,"yum",$6.88),(11,"pizza",19,"yum",$35.76),(12,"fries",1,"yum",$89.51),(13,"egg roll",84,"yum",$17.15),(14,"milkshake",22,"yum",$9.67),(15,"hamburger",68,"yum",$28.10),(16,"egg roll",57,"yum",$32.31),(17,"milkshake",6,"yum",$63.37),(18,"pizza",17,"yum",$18.24),(19,"noodles",67,"yum",$54.06),(20,"noodles",72,"yum",$57.48),(21,"egg roll",74,"yum",$26.87),(22,"fries",47,"yum",$8.84),(23,"hamburger",4,"yum",$32.10),(24,"noodles",76,"yum",$37.40),(25,"pizza",65,"yum",$58.70),(26,"hamburger",54,"yum",$9.15),(27,"egg roll",15,"yum",$37.63),(28,"egg roll",81,"yum",$80.46),(29,"milkshake",19,"yum",$19.35),(30,"noodles",0,"yum",$3.62),(31,"egg roll",16,"yum",$85.13),(32,"pizza",72,"yum",$5.86),(33,"pizza",52,"yum",$21.59),(34,"fries",40,"yum",$11.39),(35,"pizza",55,"yum",$39.38),(36,"fries",8,"yum",$9.65),(37,"hamburger",49,"yum",$97.23),(38,"noodles",7,"yum",$99.90),(39,"hamburger",76,"yum",$80.68),(40,"hamburger",71,"yum",$84.06),(41,"pizza",66,"yum",$14.47),(42,"hamburger",56,"yum",$26.33),(43,"pizza",47,"yum",$5.46),(44,"pizza",76,"yum",$10.93),(45,"milkshake",11,"yum",$81.91),(46,"egg roll",47,"yum",$37.50),(47,"hamburger",69,"yum",$42.78),(48,"fries",50,"yum",$69.02),(49,"noodles",9,"yum",$1.91),(50,"hamburger",26,"yum",$20.69),(51,"fries",46,"yum",$63.63),(52,"pizza",12,"yum",$1.74),(53,"pizza",39,"yum",$74.69),(54,"egg roll",20,"yum",$17.53),(55,"noodles",75,"yum",$9.11),(56,"hamburger",64,"yum",$25.52),(57,"egg roll",82,"yum",$2.74),(58,"egg roll",68,"yum",$32.46),(59,"fries",3,"yum",$30.63),(60,"milkshake",84,"yum",$85.42),(61,"pizza",64,"yum",$76.42),(62,"milkshake",57,"yum",$62.42),(63,"milkshake",84,"yum",$35.21),(64,"milkshake",9,"yum",$24.51),(65,"egg roll",62,"yum",$85.13),(66,"pizza",6,"yum",$39.50),(67,"hamburger",82,"yum",$59.89),(68,"pizza",62,"yum",$10.00),(69,"milkshake",2,"yum",$4.81),(70,"pizza",62,"yum",$17.83),(71,"milkshake",35,"yum",$22.25),(72,"noodles",33,"yum",$12.49),(73,"fries",70,"yum",$0.37),(74,"pizza",65,"yum",$5.06),(75,"noodles",35,"yum",$20.77),(76,"egg roll",1,"yum",$42.01),(77,"egg roll",33,"yum",$8.70),(78,"fries",21,"yum",$1.52),(79,"pizza",4,"yum",$34.73),(80,"fries",43,"yum",$54.55),(81,"hamburger",33,"yum",$53.18),(82,"noodles",60,"yum",$64.50),(83,"noodles",51,"yum",$9.25),(84,"milkshake",47,"yum",$27.40),(85,"hamburger",16,"yum",$88.70),(86,"fries",77,"yum",$48.55),(87,"pizza",5,"yum",$27.55),(88,"milkshake",83,"yum",$29.18),(89,"fries",84,"yum",$30.44),(90,"fries",5,"yum",$57.60),(91,"milkshake",70,"yum",$14.61),(92,"hamburger",0,"yum",$43.68),(93,"egg roll",20,"yum",$3.75),(94,"hamburger",84,"yum",$11.92),(95,"fries",62,"yum",$0.94),(96,"noodles",32,"yum",$14.40),(97,"pizza",81,"yum",$60.29),(98,"egg roll",9,"yum",$22.12),(99,"egg roll",54,"yum",$77.24),(100,"egg roll",5,"yum",$17.49),(101,"milkshake",0,"yum",$2.32),(102,"fries",19,"yum",$97.97),(103,"fries",43,"yum",$32.35),(104,"noodles",27,"yum",$15.12),(105,"egg roll",71,"yum",$9.67),(106,"milkshake",61,"yum",$45.80),(107,"hamburger",49,"yum",$13.57),(108,"pizza",84,"yum",$21.94),(109,"noodles",41,"yum",$65.53),(110,"egg roll",5,"yum",$54.29),(111,"milkshake",33,"yum",$2.12),(112,"hamburger",28,"yum",$97.88),(113,"egg roll",1,"yum",$22.60),(114,"milkshake",34,"yum",$17.06),(115,"milkshake",61,"yum",$70.79),(116,"pizza",25,"yum",$53.53),(117,"milkshake",15,"yum",$72.66),(118,"hamburger",54,"yum",$1.05),(119,"egg roll",69,"yum",$52.97),(120,"hamburger",38,"yum",$30.56),(121,"milkshake",70,"yum",$33.65),(122,"egg roll",19,"yum",$58.95),(123,"fries",53,"yum",$27.78),(124,"milkshake",56,"yum",$24.80),(125,"noodles",43,"yum",$84.60),(126,"milkshake",24,"yum",$5.68),(127,"milkshake",68,"yum",$91.59),(128,"milkshake",16,"yum",$74.62),(129,"noodles",64,"yum",$2.30),(130,"fries",78,"yum",$8.11),(131,"fries",61,"yum",$15.27),(132,"fries",20,"yum",$58.18),(133,"fries",76,"yum",$45.41),(134,"hamburger",30,"yum",$23.71),(135,"hamburger",65,"yum",$95.92),(136,"noodles",43,"yum",$4.99),(137,"fries",78,"yum",$46.46),(138,"fries",24,"yum",$21.04),(139,"milkshake",32,"yum",$58.98),(140,"hamburger",3,"yum",$9.60),(141,"pizza",27,"yum",$69.83),(142,"hamburger",0,"yum",$38.70),(143,"egg roll",43,"yum",$26.52),(144,"hamburger",20,"yum",$69.08),(145,"noodles",12,"yum",$12.51),(146,"egg roll",20,"yum",$28.36),(147,"noodles",63,"yum",$27.58),(148,"noodles",79,"yum",$21.72),(149,"pizza",64,"yum",$26.87),(150,"pizza",33,"yum",$30.40),(151,"fries",54,"yum",$29.68),(152,"pizza",67,"yum",$34.57),(153,"fries",31,"yum",$29.73),(154,"hamburger",53,"yum",$34.66),(155,"noodles",27,"yum",$8.05),(156,"egg roll",52,"yum",$58.65),(157,"hamburger",4,"yum",$49.10),(158,"milkshake",29,"yum",$47.33),(159,"hamburger",66,"yum",$18.10),(160,"milkshake",10,"yum",$50.24),(161,"fries",33,"yum",$99.04),(162,"pizza",84,"yum",$49.34),(163,"noodles",16,"yum",$51.85),(164,"hamburger",18,"yum",$81.96),(165,"fries",10,"yum",$50.24),(166,"egg roll",82,"yum",$58.83),(167,"fries",61,"yum",$46.39),(168,"fries",37,"yum",$29.81),(169,"hamburger",65,"yum",$11.12),(170,"egg roll",29,"yum",$78.78),(171,"pizza",12,"yum",$22.62),(172,"milkshake",59,"yum",$25.43),(173,"hamburger",17,"yum",$13.53),(174,"hamburger",39,"yum",$46.34),(175,"egg roll",57,"yum",$11.27),(176,"egg roll",61,"yum",$26.35),(177,"fries",56,"yum",$63.93),(178,"noodles",68,"yum",$79.08),(179,"hamburger",24,"yum",$9.51),(180,"noodles",82,"yum",$19.36),(181,"hamburger",11,"yum",$12.64),(182,"milkshake",81,"yum",$9.77),(183,"egg roll",43,"yum",$57.65),(184,"pizza",27,"yum",$0.72),(185,"milkshake",37,"yum",$12.52),(186,"egg roll",15,"yum",$5.28),(187,"pizza",23,"yum",$22.48),(188,"milkshake",76,"yum",$45.64),(189,"egg roll",27,"yum",$1.47),(190,"fries",55,"yum",$49.32),(191,"hamburger",43,"yum",$35.31),(192,"pizza",74,"yum",$85.96),(193,"fries",75,"yum",$5.93),(194,"hamburger",19,"yum",$99.24),(195,"pizza",84,"yum",$35.49),(196,"hamburger",72,"yum",$0.62),(197,"noodles",44,"yum",$6.51),(198,"fries",6,"yum",$74.81),(199,"noodles",34,"yum",$47.81);
INSERT INTO Describes(category,food) VALUES (1,0),(1,1),(3,2),(4,3),(2,4),(3,5),(1,6),(3,7),(3,8),(4,9),(4,10),(3,11),(4,12),(3,13),(2,14),(3,15),(0,16),(1,17),(0,18),(2,19),(0,20),(4,21),(0,22),(1,23),(0,24),(0,25),(3,26),(0,27),(0,28),(3,29),(2,30),(3,31),(3,32),(0,33),(2,34),(4,35),(1,36),(4,37),(2,38),(4,39),(0,40),(1,41),(0,42),(4,43),(4,44),(4,45),(3,46),(2,47),(1,48),(4,49),(4,50),(0,51),(2,52),(0,53),(2,54),(1,55),(1,56),(4,57),(3,58),(3,59),(3,60),(2,61),(0,62),(4,63),(0,64),(0,65),(1,66),(2,67),(4,68),(4,69),(2,70),(0,71),(2,72),(0,73),(4,74),(3,75),(2,76),(1,77),(2,78),(0,79),(2,80),(2,81),(3,82),(1,83),(1,84),(0,85),(1,86),(0,87),(2,88),(4,89),(2,90),(2,91),(3,92),(4,93),(2,94),(4,95),(1,96),(0,97),(4,98),(2,99),(2,100),(3,101),(0,102),(0,103),(1,104),(1,105),(2,106),(1,107),(3,108),(0,109),(2,110),(0,111),(4,112),(2,113),(1,114),(1,115),(3,116),(3,117),(0,118),(3,119),(1,120),(1,121),(4,122),(2,123),(0,124),(3,125),(1,126),(4,127),(2,128),(1,129),(2,130),(3,131),(2,132),(2,133),(3,134),(1,135),(2,136),(1,137),(0,138),(4,139),(0,140),(2,141),(4,142),(1,143),(4,144),(0,145),(4,146),(0,147),(2,148),(4,149),(1,150),(2,151),(2,152),(4,153),(0,154),(1,155),(3,156),(0,157),(0,158),(4,159),(4,160),(0,161),(3,162),(1,163),(4,164),(4,165),(2,166),(3,167),(4,168),(1,169),(1,170),(2,171),(0,172),(1,173),(4,174),(0,175),(3,176),(1,177),(2,178),(2,179),(3,180),(4,181),(2,182),(4,183),(3,184),(4,185),(4,186),(1,187),(2,188),(4,189),(3,190),(4,191),(1,192),(1,193),(1,194),(2,195),(1,196),(2,197),(2,198),(0,199);
INSERT INTO [Open](restaurant,weekday,openTime,closeTime) VALUES (0,"monday",9,19),(0,"tuesday",7,21),(0,"wednesday",12,19),(0,"thursday",11,19),(0,"friday",7,21),(0,"saturday",10,19),(0,"sunday",12,18),(1,"monday",9,22),(1,"tuesday",8,19),(1,"wednesday",9,21),(1,"thursday",10,22),(1,"friday",11,21),(1,"saturday",7,18),(1,"sunday",10,20),(2,"monday",10,17),(2,"tuesday",8,22),(2,"wednesday",12,19),(2,"thursday",12,18),(2,"friday",8,20),(2,"saturday",11,22),(2,"sunday",11,20),(3,"monday",11,21),(3,"tuesday",10,19),(3,"wednesday",12,19),(3,"thursday",9,21),(3,"friday",7,19),(3,"saturday",9,17),(3,"sunday",7,19),(4,"monday",11,22),(4,"tuesday",9,17),(4,"wednesday",11,21),(4,"thursday",9,21),(4,"friday",8,20),(4,"saturday",10,18),(4,"sunday",11,18),(5,"monday",12,17),(5,"tuesday",10,20),(5,"wednesday",7,18),(5,"thursday",12,22),(5,"friday",8,18),(5,"saturday",12,18),(5,"sunday",8,21),(6,"monday",12,17),(6,"tuesday",10,19),(6,"wednesday",8,17),(6,"thursday",12,21),(6,"friday",9,19),(6,"saturday",9,21),(6,"sunday",10,22),(7,"monday",12,21),(7,"tuesday",12,22),(7,"wednesday",12,22),(7,"thursday",8,19),(7,"friday",10,20),(7,"saturday",9,17),(7,"sunday",8,17),(8,"monday",8,17),(8,"tuesday",11,21),(8,"wednesday",8,18),(8,"thursday",10,21),(8,"friday",9,17),(8,"saturday",10,17),(8,"sunday",8,22),(9,"monday",11,17),(9,"tuesday",9,20),(9,"wednesday",8,17),(9,"thursday",7,19),(9,"friday",9,18),(9,"saturday",12,19),(9,"sunday",8,22),(10,"monday",7,18),(10,"tuesday",7,19),(10,"wednesday",8,19),(10,"thursday",12,18),(10,"friday",8,17),(10,"saturday",9,21),(10,"sunday",10,20),(11,"monday",8,21),(11,"tuesday",10,20),(11,"wednesday",11,19),(11,"thursday",10,21),(11,"friday",8,21),(11,"saturday",8,18),(11,"sunday",12,22),(12,"monday",9,18),(12,"tuesday",7,18),(12,"wednesday",12,21),(12,"thursday",7,21),(12,"friday",7,21),(12,"saturday",7,17),(12,"sunday",7,18),(13,"monday",8,19),(13,"tuesday",9,17),(13,"wednesday",9,18),(13,"thursday",10,19),(13,"friday",12,18),(13,"saturday",9,18),(13,"sunday",12,20),(14,"monday",7,19),(14,"tuesday",12,21),(14,"wednesday",7,21),(14,"thursday",9,21),(14,"friday",9,18),(14,"saturday",11,22),(14,"sunday",12,21),(15,"monday",10,17),(15,"tuesday",11,19),(15,"wednesday",8,17),(15,"thursday",10,18),(15,"friday",7,19),(15,"saturday",9,18),(15,"sunday",7,22),(16,"monday",7,20),(16,"tuesday",7,21),(16,"wednesday",7,21),(16,"thursday",9,20),(16,"friday",9,20),(16,"saturday",10,17),(16,"sunday",12,22),(17,"monday",9,22),(17,"tuesday",11,21),(17,"wednesday",7,18),(17,"thursday",12,20),(17,"friday",7,20),(17,"saturday",7,20),(17,"sunday",9,20),(18,"monday",9,20),(18,"tuesday",8,21),(18,"wednesday",10,22),(18,"thursday",7,19),(18,"friday",11,20),(18,"saturday",12,21),(18,"sunday",7,17),(19,"monday",8,18),(19,"tuesday",11,20),(19,"wednesday",12,18),(19,"thursday",7,19),(19,"friday",9,18),(19,"saturday",10,19),(19,"sunday",9,19),(20,"monday",11,17),(20,"tuesday",12,18),(20,"wednesday",7,22),(20,"thursday",9,21),(20,"friday",8,22),(20,"saturday",8,22),(20,"sunday",12,22),(21,"monday",11,19),(21,"tuesday",12,18),(21,"wednesday",10,21),(21,"thursday",11,20),(21,"friday",10,21),(21,"saturday",11,20),(21,"sunday",10,17),(22,"monday",9,22),(22,"tuesday",8,20),(22,"wednesday",8,22),(22,"thursday",8,17),(22,"friday",9,20),(22,"saturday",10,20),(22,"sunday",7,17),(23,"monday",7,22),(23,"tuesday",8,20),(23,"wednesday",11,18),(23,"thursday",12,17),(23,"friday",9,18),(23,"saturday",7,21),(23,"sunday",8,22),(24,"monday",9,17),(24,"tuesday",7,20),(24,"wednesday",12,17),(24,"thursday",8,20),(24,"friday",12,21),(24,"saturday",9,19),(24,"sunday",7,18),(25,"monday",11,21),(25,"tuesday",9,21),(25,"wednesday",12,21),(25,"thursday",7,19),(25,"friday",8,20),(25,"saturday",10,20),(25,"sunday",8,19),(26,"monday",11,20),(26,"tuesday",8,17),(26,"wednesday",7,18),(26,"thursday",9,17),(26,"friday",10,22),(26,"saturday",11,17),(26,"sunday",7,21),(27,"monday",7,18),(27,"tuesday",9,19),(27,"wednesday",8,22),(27,"thursday",11,21),(27,"friday",10,20),(27,"saturday",10,20),(27,"sunday",7,18),(28,"monday",12,21),(28,"tuesday",7,17),(28,"wednesday",12,21),(28,"thursday",9,18),(28,"friday",10,21),(28,"saturday",9,17),(28,"sunday",11,17),(29,"monday",8,20),(29,"tuesday",9,19),(29,"wednesday",7,17),(29,"thursday",10,21),(29,"friday",8,19),(29,"saturday",12,17),(29,"sunday",7,17),(30,"monday",8,17),(30,"tuesday",9,22),(30,"wednesday",12,21),(30,"thursday",10,19),(30,"friday",8,19),(30,"saturday",11,22),(30,"sunday",9,18),(31,"monday",9,19),(31,"tuesday",11,18),(31,"wednesday",8,22),(31,"thursday",12,19),(31,"friday",9,19),(31,"saturday",9,20),(31,"sunday",7,21),(32,"monday",9,19),(32,"tuesday",12,20),(32,"wednesday",12,22),(32,"thursday",10,18),(32,"friday",10,18),(32,"saturday",8,22),(32,"sunday",7,18),(33,"monday",9,18),(33,"tuesday",10,19),(33,"wednesday",8,21),(33,"thursday",9,22),(33,"friday",8,17),(33,"saturday",12,18),(33,"sunday",9,22),(34,"monday",9,20),(34,"tuesday",11,21),(34,"wednesday",12,20),(34,"thursday",9,17),(34,"friday",11,22),(34,"saturday",10,17),(34,"sunday",10,22),(35,"monday",7,22),(35,"tuesday",12,20),(35,"wednesday",9,21),(35,"thursday",7,18),(35,"friday",8,19),(35,"saturday",11,21),(35,"sunday",7,20),(36,"monday",12,21),(36,"tuesday",11,17),(36,"wednesday",12,21),(36,"thursday",7,17),(36,"friday",7,18),(36,"saturday",7,20),(36,"sunday",12,19),(37,"monday",11,19),(37,"tuesday",7,22),(37,"wednesday",7,21),(37,"thursday",11,17),(37,"friday",9,18),(37,"saturday",12,17),(37,"sunday",10,22),(38,"monday",8,18),(38,"tuesday",8,19),(38,"wednesday",7,18),(38,"thursday",8,20),(38,"friday",8,20),(38,"saturday",11,17),(38,"sunday",9,20),(39,"monday",11,22),(39,"tuesday",12,22),(39,"wednesday",7,18),(39,"thursday",7,22),(39,"friday",10,22),(39,"saturday",9,21),(39,"sunday",8,19),(40,"monday",12,18),(40,"tuesday",11,19),(40,"wednesday",12,21),(40,"thursday",10,21),(40,"friday",12,17),(40,"saturday",9,18),(40,"sunday",12,17),(41,"monday",10,22),(41,"tuesday",11,21),(41,"wednesday",12,18),(41,"thursday",11,21),(41,"friday",8,20),(41,"saturday",7,21),(41,"sunday",10,20),(42,"monday",8,18),(42,"tuesday",10,21),(42,"wednesday",9,21),(42,"thursday",12,22),(42,"friday",7,22),(42,"saturday",9,17),(42,"sunday",8,19),(43,"monday",9,21),(43,"tuesday",11,21),(43,"wednesday",12,19),(43,"thursday",10,21),(43,"friday",9,22),(43,"saturday",9,22),(43,"sunday",9,19),(44,"monday",7,22),(44,"tuesday",7,20),(44,"wednesday",10,21),(44,"thursday",9,20),(44,"friday",12,18),(44,"saturday",10,20),(44,"sunday",12,17),(45,"monday",9,19),(45,"tuesday",9,19),(45,"wednesday",12,17),(45,"thursday",10,22),(45,"friday",11,21),(45,"saturday",8,19),(45,"sunday",11,19),(46,"monday",8,21),(46,"tuesday",12,17),(46,"wednesday",11,20),(46,"thursday",7,21),(46,"friday",11,18),(46,"saturday",10,21),(46,"sunday",7,17),(47,"monday",11,17),(47,"tuesday",7,18),(47,"wednesday",8,18),(47,"thursday",8,19),(47,"friday",9,21),(47,"saturday",8,19),(47,"sunday",12,19),(48,"monday",12,22),(48,"tuesday",9,21),(48,"wednesday",10,17),(48,"thursday",12,21),(48,"friday",9,19),(48,"saturday",7,22),(48,"sunday",10,18),(49,"monday",12,18),(49,"tuesday",7,20),(49,"wednesday",8,21),(49,"thursday",11,20),(49,"friday",7,20),(49,"saturday",8,18),(49,"sunday",8,22),(50,"monday",9,19),(50,"tuesday",9,20),(50,"wednesday",11,22),(50,"thursday",12,21),(50,"friday",12,18),(50,"saturday",10,22),(50,"sunday",11,22),(51,"monday",10,21),(51,"tuesday",12,21),(51,"wednesday",9,22),(51,"thursday",10,21),(51,"friday",12,19),(51,"saturday",8,19),(51,"sunday",10,18),(52,"monday",11,17),(52,"tuesday",10,22),(52,"wednesday",9,21),(52,"thursday",7,22),(52,"friday",12,17),(52,"saturday",9,20),(52,"sunday",8,20),(53,"monday",11,21),(53,"tuesday",7,19),(53,"wednesday",10,20),(53,"thursday",9,18),(53,"friday",12,17),(53,"saturday",10,19),(53,"sunday",8,19),(54,"monday",8,17),(54,"tuesday",7,21),(54,"wednesday",10,21),(54,"thursday",8,18),(54,"friday",12,21),(54,"saturday",12,20),(54,"sunday",12,18),(55,"monday",10,22),(55,"tuesday",12,21),(55,"wednesday",8,18),(55,"thursday",11,21),(55,"friday",11,21),(55,"saturday",12,20),(55,"sunday",7,19),(56,"monday",12,21),(56,"tuesday",10,20),(56,"wednesday",9,22),(56,"thursday",7,17),(56,"friday",7,21),(56,"saturday",9,20),(56,"sunday",11,21),(57,"monday",11,18),(57,"tuesday",8,18),(57,"wednesday",12,20),(57,"thursday",8,17),(57,"friday",8,20),(57,"saturday",7,21),(57,"sunday",10,18),(58,"monday",12,20),(58,"tuesday",12,18),(58,"wednesday",11,22),(58,"thursday",9,18),(58,"friday",11,17),(58,"saturday",8,17),(58,"sunday",11,17),(59,"monday",8,21),(59,"tuesday",12,18),(59,"wednesday",9,19),(59,"thursday",9,19),(59,"friday",8,21),(59,"saturday",9,17),(59,"sunday",11,19),(60,"monday",9,19),(60,"tuesday",10,20),(60,"wednesday",11,20),(60,"thursday",11,21),(60,"friday",12,22),(60,"saturday",8,20),(60,"sunday",8,18),(61,"monday",8,17),(61,"tuesday",9,21),(61,"wednesday",7,22),(61,"thursday",12,19),(61,"friday",7,18),(61,"saturday",9,18),(61,"sunday",7,22),(62,"monday",9,20),(62,"tuesday",11,18),(62,"wednesday",12,22),(62,"thursday",9,17),(62,"friday",9,17),(62,"saturday",10,22),(62,"sunday",8,20),(63,"monday",7,21),(63,"tuesday",7,20),(63,"wednesday",10,22),(63,"thursday",10,17),(63,"friday",8,18),(63,"saturday",9,18),(63,"sunday",12,20),(64,"monday",9,21),(64,"tuesday",9,17),(64,"wednesday",11,18),(64,"thursday",7,19),(64,"friday",11,18),(64,"saturday",10,19),(64,"sunday",8,21),(65,"monday",12,18),(65,"tuesday",7,18),(65,"wednesday",9,22),(65,"thursday",9,18),(65,"friday",7,17),(65,"saturday",11,20),(65,"sunday",11,18),(66,"monday",11,17),(66,"tuesday",8,20),(66,"wednesday",9,17),(66,"thursday",11,22),(66,"friday",9,17),(66,"saturday",9,21),(66,"sunday",8,22),(67,"monday",9,22),(67,"tuesday",7,21),(67,"wednesday",11,21),(67,"thursday",7,20),(67,"friday",9,18),(67,"saturday",7,18),(67,"sunday",11,22),(68,"monday",7,19),(68,"tuesday",9,20),(68,"wednesday",12,22),(68,"thursday",11,19),(68,"friday",8,17),(68,"saturday",9,17),(68,"sunday",7,17),(69,"monday",8,20),(69,"tuesday",9,22),(69,"wednesday",8,18),(69,"thursday",12,21),(69,"friday",8,22),(69,"saturday",11,17),(69,"sunday",9,17),(70,"monday",11,17),(70,"tuesday",10,22),(70,"wednesday",12,19),(70,"thursday",7,22),(70,"friday",9,18),(70,"saturday",7,21),(70,"sunday",10,18),(71,"monday",9,21),(71,"tuesday",7,17),(71,"wednesday",12,21),(71,"thursday",11,18),(71,"friday",12,22),(71,"saturday",8,20),(71,"sunday",12,20),(72,"monday",8,21),(72,"tuesday",7,20),(72,"wednesday",7,18),(72,"thursday",7,17),(72,"friday",8,21),(72,"saturday",7,21),(72,"sunday",9,18),(73,"monday",12,21),(73,"tuesday",12,18),(73,"wednesday",10,18),(73,"thursday",8,18),(73,"friday",12,22),(73,"saturday",9,20),(73,"sunday",7,17),(74,"monday",11,17),(74,"tuesday",11,17),(74,"wednesday",12,19),(74,"thursday",12,17),(74,"friday",12,17),(74,"saturday",12,17),(74,"sunday",11,19),(75,"monday",7,17),(75,"tuesday",9,22),(75,"wednesday",8,17),(75,"thursday",8,21),(75,"friday",8,21),(75,"saturday",9,22),(75,"sunday",9,17),(76,"monday",8,22),(76,"tuesday",8,19),(76,"wednesday",7,18),(76,"thursday",11,21),(76,"friday",9,20),(76,"saturday",11,18),(76,"sunday",8,22),(77,"monday",10,22),(77,"tuesday",11,22),(77,"wednesday",11,18),(77,"thursday",10,18),(77,"friday",7,22),(77,"saturday",8,21),(77,"sunday",10,22),(78,"monday",8,18),(78,"tuesday",10,21),(78,"wednesday",8,22),(78,"thursday",10,20),(78,"friday",12,18),(78,"saturday",11,21),(78,"sunday",11,22),(79,"monday",9,18),(79,"tuesday",7,17),(79,"wednesday",9,18),(79,"thursday",12,17),(79,"friday",9,19),(79,"saturday",12,22),(79,"sunday",12,19),(80,"monday",12,18),(80,"tuesday",9,17),(80,"wednesday",12,19),(80,"thursday",7,19),(80,"friday",11,17),(80,"saturday",10,20),(80,"sunday",10,20),(81,"monday",9,20),(81,"tuesday",8,22),(81,"wednesday",10,17),(81,"thursday",9,17),(81,"friday",12,21),(81,"saturday",7,18),(81,"sunday",7,20),(82,"monday",8,21),(82,"tuesday",8,19),(82,"wednesday",12,17),(82,"thursday",9,18),(82,"friday",9,21),(82,"saturday",8,20),(82,"sunday",11,20),(83,"monday",12,19),(83,"tuesday",12,17),(83,"wednesday",10,20),(83,"thursday",12,20),(83,"friday",12,17),(83,"saturday",11,18),(83,"sunday",8,17),(84,"monday",11,21),(84,"tuesday",7,22),(84,"wednesday",10,22),(84,"thursday",9,18),(84,"friday",10,17),(84,"saturday",7,19),(84,"sunday",9,21);
INSERT INTO [User](username,passwd,preferredDist,preferredPrice) VALUES ("CN6E01Js2A","O5BoDAOnCC",5,1),("9pVctELjQM","FMSTXEH13e",10,3),("9VYxpNe228","BJYzTa9fub",25,3),("vDzqpFmNzY","dvXiRLt8lH",10,2),("2NCLRtj9bN","b8n6vVeBBr",25,2),("445uMWiaCV","9AnP2RTLiH",10,2),("Pp3aimXvlj","8DdKVvDn7R",5,1),("Dx69ivI9dm","2G47gTfq0t",2,3),("aO4LKLjhqW","dzET6PHYKq",25,1),("QGtEAQO8U4","zpE9AuQKlF",25,2),("4QT2yRhKbE","FMRila2GnB",25,1),("w3A231gy8p","ttVxp0bDeE",25,3),("4NmHBH5v7Z","hoAqeEAcJs",25,3),("WYkpE8fq3z","PvbIXo6IKk",5,1),("pjhRlbnDiu","dleugQuEyR",2,2),("RdHfz4sz2z","smu00MMUZp",10,2),("UFSJ1Rp5Mm","hIwQito2PZ",25,3),("HqL3RNCg61","xQu8nTiBMG",5,1),("43QD27GhhG","U6PG68L7FC",5,3),("dQrWFrP4Du","dOOXVpJO0J",2,3),("u17KmOYaG8","ErtSluZ5NS",25,3),("pfYqJJg7xM","B1fJB4jvJC",10,3),("5LgX7GZcjh","Thiq7666Gv",10,3),("PvFp3QE7ag","8zk4kIqCvA",10,1),("vhiofYC251","pmoytGi0fd",25,1),("YdofGy3A6R","oFDtgqFtKc",10,1),("WcvAqLGLnh","YvJJsxisAh",10,3),("34avYF5jrD","oxRoLsgpFg",10,3),("YdP2ttjB5h","1BLhLkBV8Q",10,2),("TQbgFIsf93","lVM3EVLYwe",25,1);
INSERT INTO Review(id,rating,review) VALUES (0,0.1,"yum","UFSJ1Rp5Mm",8,4),(1,1.2,"yum","pfYqJJg7xM",NULL,81),(2,1.2,"yum","43QD27GhhG",NULL,14),(3,5,"yum","vDzqpFmNzY",NULL,62),(4,4.6,"yum","43QD27GhhG",72,20),(5,3.3,"yum","4NmHBH5v7Z",NULL,59),(6,4,"yum","w3A231gy8p",NULL,24),(7,0.9,"yum","WcvAqLGLnh",5,44),(8,1.3,"yum","w3A231gy8p",61,38),(9,0.7,"yum","445uMWiaCV",9,84),(10,2.2,"yum","vDzqpFmNzY",NULL,76),(11,2.4,"yum","UFSJ1Rp5Mm",NULL,46),(12,0.8,"yum","UFSJ1Rp5Mm",78,64),(13,2.2,"yum","dQrWFrP4Du",NULL,48),(14,1.3,"yum","4NmHBH5v7Z",NULL,84),(15,1.1,"yum","2NCLRtj9bN",56,57),(16,3.1,"yum","9VYxpNe228",8,11),(17,0.1,"yum","vDzqpFmNzY",24,30),(18,4.2,"yum","UFSJ1Rp5Mm",69,71),(19,0.9,"yum","dQrWFrP4Du",38,68),(20,0.6,"yum","u17KmOYaG8",NULL,83),(21,3.2,"yum","pfYqJJg7xM",NULL,59),(22,2.5,"yum","vDzqpFmNzY",39,60),(23,1.5,"yum","vDzqpFmNzY",NULL,0),(24,2.9,"yum","TQbgFIsf93",15,64),(25,0.9,"yum","w3A231gy8p",NULL,10),(26,0.6,"yum","CN6E01Js2A",NULL,63),(27,2.9,"yum","RdHfz4sz2z",67,64),(28,1,"yum","4NmHBH5v7Z",NULL,78),(29,2.6,"yum","pfYqJJg7xM",NULL,25),(30,3,"yum","43QD27GhhG",NULL,77),(31,4.7,"yum","WYkpE8fq3z",NULL,4),(32,3.8,"yum","HqL3RNCg61",43,53),(33,4.5,"yum","2NCLRtj9bN",NULL,71),(34,4.7,"yum","PvFp3QE7ag",37,80),(35,3.8,"yum","WYkpE8fq3z",16,48),(36,5,"yum","pfYqJJg7xM",78,81),(37,1.4,"yum","34avYF5jrD",73,69),(38,4.5,"yum","9VYxpNe228",NULL,77),(39,3.7,"yum","CN6E01Js2A",58,59),(40,0,"yum","YdofGy3A6R",NULL,73),(41,2.8,"yum","43QD27GhhG",NULL,84),(42,4.5,"yum","Pp3aimXvlj",38,40),(43,1.6,"yum","pfYqJJg7xM",NULL,51),(44,4.6,"yum","34avYF5jrD",60,49),(45,0.2,"yum","YdofGy3A6R",NULL,63),(46,4.5,"yum","u17KmOYaG8",NULL,5),(47,0.6,"yum","HqL3RNCg61",NULL,20),(48,0.8,"yum","CN6E01Js2A",43,81),(49,0,"yum","aO4LKLjhqW",NULL,70),(50,1.8,"yum","5LgX7GZcjh",NULL,28),(51,3,"yum","vDzqpFmNzY",25,45),(52,0.6,"yum","445uMWiaCV",51,72),(53,5,"yum","5LgX7GZcjh",NULL,71),(54,0.2,"yum","vDzqpFmNzY",47,10),(55,3.8,"yum","PvFp3QE7ag",9,24),(56,1.3,"yum","TQbgFIsf93",NULL,43),(57,2.3,"yum","2NCLRtj9bN",NULL,74),(58,2.8,"yum","PvFp3QE7ag",79,39),(59,4.4,"yum","UFSJ1Rp5Mm",21,67),(60,3,"yum","2NCLRtj9bN",37,17),(61,1.8,"yum","WYkpE8fq3z",67,51),(62,0.6,"yum","UFSJ1Rp5Mm",NULL,66),(63,2.5,"yum","WYkpE8fq3z",9,71),(64,5,"yum","pfYqJJg7xM",NULL,21),(65,1.4,"yum","43QD27GhhG",47,24),(66,3.1,"yum","PvFp3QE7ag",32,17),(67,1,"yum","CN6E01Js2A",32,66),(68,3.3,"yum","9VYxpNe228",39,80),(69,3.1,"yum","WYkpE8fq3z",NULL,15),(70,0.9,"yum","PvFp3QE7ag",28,2),(71,0.6,"yum","4QT2yRhKbE",80,52),(72,3.4,"yum","vDzqpFmNzY",NULL,61),(73,3.5,"yum","CN6E01Js2A",12,68),(74,3.5,"yum","9VYxpNe228",68,20),(75,4.1,"yum","aO4LKLjhqW",NULL,46),(76,0.1,"yum","TQbgFIsf93",NULL,21),(77,2.8,"yum","RdHfz4sz2z",NULL,32),(78,1.2,"yum","4QT2yRhKbE",73,67),(79,3.1,"yum","YdofGy3A6R",26,9),(80,1,"yum","TQbgFIsf93",11,1),(81,2.8,"yum","WYkpE8fq3z",NULL,14),(82,1.7,"yum","HqL3RNCg61",17,33),(83,0.8,"yum","w3A231gy8p",NULL,59),(84,1.2,"yum","RdHfz4sz2z",46,57),(85,1.3,"yum","445uMWiaCV",50,9),(86,1.8,"yum","9pVctELjQM",4,18),(87,4.3,"yum","pfYqJJg7xM",NULL,54),(88,0.2,"yum","9pVctELjQM",82,70),(89,2,"yum","vhiofYC251",NULL,75),(90,4,"yum","2NCLRtj9bN",NULL,3),(91,1.9,"yum","UFSJ1Rp5Mm",6,26),(92,2.7,"yum","Pp3aimXvlj",1,21),(93,2.6,"yum","vDzqpFmNzY",47,1),(94,4.6,"yum","w3A231gy8p",NULL,58),(95,0.1,"yum","Dx69ivI9dm",NULL,63),(96,3.4,"yum","34avYF5jrD",NULL,10),(97,3.9,"yum","HqL3RNCg61",29,16),(98,0.6,"yum","UFSJ1Rp5Mm",NULL,68),(99,1.4,"yum","PvFp3QE7ag",NULL,0),(100,3.1,"yum","34avYF5jrD",80,63),(101,2.2,"yum","vhiofYC251",33,37),(102,3.5,"yum","2NCLRtj9bN",22,33),(103,3.8,"yum","Dx69ivI9dm",NULL,2),(104,2.9,"yum","WYkpE8fq3z",60,74),(105,0.2,"yum","UFSJ1Rp5Mm",72,49),(106,4.4,"yum","YdofGy3A6R",NULL,28),(107,1.8,"yum","HqL3RNCg61",NULL,52),(108,1.5,"yum","4QT2yRhKbE",NULL,27),(109,4.2,"yum","YdP2ttjB5h",30,16),(110,4.7,"yum","4NmHBH5v7Z",39,20),(111,2.5,"yum","WcvAqLGLnh",20,11),(112,3.5,"yum","w3A231gy8p",14,25),(113,3.1,"yum","UFSJ1Rp5Mm",29,68),(114,1.6,"yum","9pVctELjQM",59,53),(115,4.1,"yum","dQrWFrP4Du",NULL,81),(116,4.6,"yum","u17KmOYaG8",NULL,44),(117,0.6,"yum","w3A231gy8p",30,54),(118,0.1,"yum","34avYF5jrD",NULL,23),(119,2.7,"yum","PvFp3QE7ag",63,45),(120,1.7,"yum","5LgX7GZcjh",29,48),(121,0.7,"yum","pjhRlbnDiu",NULL,59),(122,4.7,"yum","pjhRlbnDiu",NULL,20),(123,3.3,"yum","pjhRlbnDiu",NULL,7),(124,0.5,"yum","2NCLRtj9bN",17,42),(125,1.1,"yum","2NCLRtj9bN",NULL,20),(126,0.9,"yum","HqL3RNCg61",NULL,59),(127,1.9,"yum","pfYqJJg7xM",NULL,9),(128,4.9,"yum","RdHfz4sz2z",NULL,24),(129,4.7,"yum","pfYqJJg7xM",NULL,78),(130,2.3,"yum","9VYxpNe228",NULL,28),(131,2.8,"yum","Pp3aimXvlj",NULL,59),(132,0.3,"yum","4QT2yRhKbE",74,19),(133,3.8,"yum","WYkpE8fq3z",62,72),(134,2.9,"yum","UFSJ1Rp5Mm",NULL,10),(135,0.2,"yum","WcvAqLGLnh",NULL,66),(136,4.4,"yum","Pp3aimXvlj",NULL,7),(137,4.4,"yum","4QT2yRhKbE",NULL,24),(138,1.6,"yum","Dx69ivI9dm",NULL,9),(139,0.7,"yum","4NmHBH5v7Z",19,68),(140,4.7,"yum","YdP2ttjB5h",10,19),(141,3.3,"yum","dQrWFrP4Du",17,39),(142,0.6,"yum","vhiofYC251",65,43),(143,4.2,"yum","UFSJ1Rp5Mm",82,75),(144,0,"yum","TQbgFIsf93",NULL,56),(145,3.2,"yum","pfYqJJg7xM",NULL,79),(146,2,"yum","WcvAqLGLnh",NULL,41),(147,0,"yum","445uMWiaCV",NULL,33),(148,2.9,"yum","5LgX7GZcjh",NULL,3),(149,3.3,"yum","dQrWFrP4Du",NULL,84),(150,4.1,"yum","vDzqpFmNzY",NULL,45),(151,0.4,"yum","WcvAqLGLnh",NULL,77),(152,0.1,"yum","vDzqpFmNzY",NULL,61),(153,4.7,"yum","HqL3RNCg61",NULL,57),(154,0.7,"yum","4NmHBH5v7Z",78,16),(155,4.4,"yum","dQrWFrP4Du",NULL,60),(156,2.3,"yum","4NmHBH5v7Z",NULL,11),(157,4.9,"yum","9pVctELjQM",NULL,54),(158,4.9,"yum","445uMWiaCV",74,52),(159,1.9,"yum","UFSJ1Rp5Mm",NULL,10),(160,3.9,"yum","aO4LKLjhqW",NULL,51),(161,0,"yum","dQrWFrP4Du",NULL,47),(162,1.1,"yum","HqL3RNCg61",NULL,35),(163,4.8,"yum","5LgX7GZcjh",NULL,10),(164,4.4,"yum","43QD27GhhG",NULL,66),(165,0.5,"yum","4QT2yRhKbE",38,2),(166,0.8,"yum","vDzqpFmNzY",78,69),(167,0.3,"yum","UFSJ1Rp5Mm",NULL,41),(168,3.3,"yum","u17KmOYaG8",NULL,39),(169,4.8,"yum","9pVctELjQM",NULL,56),(170,4.2,"yum","Pp3aimXvlj",65,67),(171,4.4,"yum","9pVctELjQM",NULL,26),(172,0.7,"yum","QGtEAQO8U4",NULL,6),(173,4.5,"yum","aO4LKLjhqW",NULL,14),(174,3.5,"yum","vDzqpFmNzY",81,62),(175,0.6,"yum","WYkpE8fq3z",30,56),(176,4.2,"yum","aO4LKLjhqW",NULL,57),(177,4.6,"yum","UFSJ1Rp5Mm",NULL,75),(178,1.4,"yum","Pp3aimXvlj",34,52),(179,2.9,"yum","4NmHBH5v7Z",NULL,30),(180,3.8,"yum","u17KmOYaG8",NULL,48),(181,0.5,"yum","HqL3RNCg61",NULL,23),(182,4.3,"yum","HqL3RNCg61",15,12),(183,4.8,"yum","5LgX7GZcjh",NULL,52),(184,5,"yum","w3A231gy8p",74,68),(185,3.4,"yum","5LgX7GZcjh",48,21),(186,1.8,"yum","WYkpE8fq3z",12,80),(187,4.2,"yum","2NCLRtj9bN",NULL,64),(188,2,"yum","HqL3RNCg61",73,6),(189,1.5,"yum","aO4LKLjhqW",26,28),(190,4,"yum","TQbgFIsf93",63,42),(191,1.5,"yum","YdofGy3A6R",1,22),(192,4.7,"yum","pfYqJJg7xM",NULL,78),(193,4.8,"yum","5LgX7GZcjh",29,10),(194,4.1,"yum","vhiofYC251",36,36),(195,0.9,"yum","34avYF5jrD",37,34),(196,0.5,"yum","5LgX7GZcjh",61,17),(197,3.6,"yum","5LgX7GZcjh",NULL,32),(198,0.8,"yum","Dx69ivI9dm",NULL,37),(199,4.3,"yum","Pp3aimXvlj",68,56);